cond,seed,delay_ms,jitter_ms,p_drop,rms,p50,p90,p99,max,jerk
naive,-1,100.0,100.0,0.0,6.94444142417587,5.699236824784966,10.80852170294854,14.664372243078196,16.96021713062511,51058.88963836123
A0,0,100.0,100.0,0.0,2.9142795302193183,1.4695653450269457,5.102964533942422,7.898701426420388,10.108549522565482,56305.80929188284
A1,0,100.0,100.0,0.0,2.425342777063094,1.7957820958632074,4.072775328101528,5.070963684634283,5.919042408396535,36070.35720910473
A2,0,100.0,100.0,0.0,2.741044404749277,1.545060102000022,4.684865811469298,7.753244845337524,10.50681473916562,59348.31791348177
A3,0,100.0,100.0,0.0,2.4206150195967395,1.7871424404691918,3.7814805802531075,5.57987600590747,6.657948208942244,42184.12306624642
A0,1,100.0,100.0,0.0,2.9418017296567935,2.1358265907101526,5.173893869790301,6.405873704583584,7.323335132753968,55490.510783545025
A1,1,100.0,100.0,0.0,2.1477905831938187,1.7158929192306072,3.3136093059436953,5.181141364277853,6.6078054993456306,48304.02238766023
A2,1,100.0,100.0,0.0,2.828124692285172,2.359422993068866,4.34576530227002,6.609931009576319,9.131709599861097,61197.15540058139
A3,1,100.0,100.0,0.0,2.248259224828517,1.6115241489506502,3.713828187405307,4.994905426377798,6.585857801110819,48753.890424498066
A0,2,100.0,100.0,0.0,2.890459689493953,1.9601629220196155,4.621175166984817,7.902045298673755,9.87196842563155,51528.83684748985
A1,2,100.0,100.0,0.0,2.426534002273412,1.7150960320140076,3.916093041332369,6.629544154740657,8.113487556829185,37101.2605433329
A2,2,100.0,100.0,0.0,2.7113831031994367,1.7950675620319174,4.243616756445154,7.3580508777233335,9.44494298077015,51920.66319824085
A3,2,100.0,100.0,0.0,2.350031866251815,1.9855442979323499,3.6244913318905674,5.55945280981355,7.354083167141027,39806.370633398816
A0,3,100.0,100.0,0.0,3.2168143088327397,2.1291013178095803,5.794905810094818,7.469192274426433,8.320470166857618,57123.999168424845
A1,3,100.0,100.0,0.0,2.097861039327712,1.4315041911252802,3.4121312136270867,5.0257032771162455,6.503946934227585,41230.104997273476
A2,3,100.0,100.0,0.0,2.7738531285901558,2.148222543487909,4.324203447560568,6.847169027632314,8.733885926139806,56679.41639114861
A3,3,100.0,100.0,0.0,2.017325572038222,1.4132899202980458,3.4491682574958276,4.3798607645161,6.055158706140844,42040.04004770483
A0,4,100.0,100.0,0.0,3.391170719093647,2.548792372587968,5.509628099134929,7.146502139065959,8.938519486289735,56895.97002675947
A1,4,100.0,100.0,0.0,2.3057141553556706,1.8593794328835667,3.6844274550039557,5.424723973447034,5.911979321990415,34421.59702995982
A2,4,100.0,100.0,0.0,2.660802030893477,1.8689215194835924,4.246426445941386,7.404628969136742,9.050629172085081,53351.66954676141
A3,4,100.0,100.0,0.0,2.4096410551926977,1.892582468054594,3.6789589315749063,6.1342241484551465,9.020453416105227,44023.60828552917
naive,-1,100.0,100.0,0.1,7.526517917402972,5.77375388486288,12.16014692363548,15.644457701312234,18.085956236337992,51098.08354674722
A0,0,100.0,100.0,0.1,3.3406327922993775,2.499560881459857,4.904776612261121,8.52794684097347,12.053943093619566,57698.462058812576
A1,0,100.0,100.0,0.1,2.3288821225295493,1.5733033362657334,3.6693786294666118,6.751142655928571,12.899361955598621,31946.028996541918
A2,0,100.0,100.0,0.1,3.1168975552686757,1.9630305115874194,4.930498060564029,8.994021321487418,12.358175325403806,61602.41858704871
A3,0,100.0,100.0,0.1,2.2370426687439076,1.4400032088462542,3.487234712525743,6.303894822559201,12.713242761649497,34987.36951251528
A0,1,100.0,100.0,0.1,2.86261896207057,1.9115796500086286,4.494367315514675,8.304529021190683,11.124675864347964,58827.427519388126
A1,1,100.0,100.0,0.1,2.392911347355638,1.6282590520316234,3.8086490759343454,6.364200408675416,8.577507729874782,36047.43612652581
A2,1,100.0,100.0,0.1,3.016958472796078,1.944997068967415,4.514495365088109,8.156453153617397,11.00867336398214,59834.53751839907
A3,1,100.0,100.0,0.1,2.112878578455248,1.606929427817614,3.3612980164315283,4.880531395449921,7.515038210596671,36570.26356806888
A0,2,100.0,100.0,0.1,3.5497267663638663,2.5829650167491187,5.730457030847414,8.198565125809836,12.916434860674386,55241.76703091335
A1,2,100.0,100.0,0.1,2.653063111877285,2.033800784185928,4.034424188325512,6.959353993492859,10.138916640686219,40356.82820691741
A2,2,100.0,100.0,0.1,3.7079929322199257,2.68755311611082,5.906902175759555,9.127716074304416,14.019491076268551,55523.84789127664
A3,2,100.0,100.0,0.1,2.246186730101869,1.5472595177164028,3.5395293512012054,5.639414976841792,10.02468099619395,36048.727036137156
A0,3,100.0,100.0,0.1,2.9534675818307394,1.7278312025667049,4.6938612508632644,8.36812934214789,11.539017079961766,55278.19056200874
A1,3,100.0,100.0,0.1,2.122224029440767,1.4203039585067359,3.1337157695087683,6.351312829750843,8.182353045085307,33800.96201325919
A2,3,100.0,100.0,0.1,2.9211428185035913,1.7119406302306193,4.706869342515058,8.175446996757207,11.214846100290828,56177.68671583603
A3,3,100.0,100.0,0.1,2.1433912157795887,1.3951447315877819,3.379894176610364,5.7852731015643,9.309209592024828,34154.84945420813
A0,4,100.0,100.0,0.1,3.4316073370601448,2.415235051767951,5.479443021654826,7.447403516500373,10.442610385611687,51323.95479081318
A1,4,100.0,100.0,0.1,3.379617396587981,2.1840223582456986,5.604327621244285,8.432317436850093,11.441492905024035,44795.56422637668
A2,4,100.0,100.0,0.1,3.7411151832704177,2.0431124715105824,6.3831043587140215,9.551792533077196,13.631368824985856,48853.308259858306
A3,4,100.0,100.0,0.1,3.083381128595631,1.7033780029423202,5.284523428307598,8.150167666096408,11.972513571779288,35392.977555833044
naive,-1,100.0,100.0,0.3,8.738782364750087,6.7490107624362095,13.234003712132306,19.37655308205343,28.39705468260229,51532.47255477635
A0,0,100.0,100.0,0.3,5.9762035350006855,3.5337459883133278,10.123408223057561,16.904138335418548,21.942442287176405,70611.7729532012
A1,0,100.0,100.0,0.3,3.2767275335464405,2.045099904108279,5.794950568944761,8.494881751120209,13.950864278254855,52673.6193604423
A2,0,100.0,100.0,0.3,5.254651386527613,3.768105581907681,8.450476888613585,11.37071576288445,16.5696508167337,65036.654672516685
A3,0,100.0,100.0,0.3,3.5420863190263243,2.1643644703039797,6.345312610739138,8.42978262039811,10.610425931952932,55249.39338283383
A0,1,100.0,100.0,0.3,8.329693039968637,6.08318965530447,13.863152944701042,18.20506343596885,29.42392304188985,52581.52217057004
A1,1,100.0,100.0,0.3,3.839081750675728,2.3322023780074894,6.238882312341095,10.06646940718924,15.30387922472677,49425.6074802856
A2,1,100.0,100.0,0.3,5.315425303241361,3.7817551758866066,8.766636609108394,10.594142361107188,17.78741596574136,67407.18554026705
A3,1,100.0,100.0,0.3,3.0467367380970507,1.5041438977715795,5.501825715444279,8.657876576543392,11.689503761097455,42785.47283750862
A0,2,100.0,100.0,0.3,4.86795787995215,2.8557491025847526,8.891922756568619,11.038724662143181,12.674021633160208,67766.35660306075
A1,2,100.0,100.0,0.3,3.8629469666318044,2.4694649674043965,5.604550131564594,11.049181573529802,16.968597080242873,60895.42244325985
A2,2,100.0,100.0,0.3,4.637772122585219,2.888109975954682,8.300874837239766,10.189841378667827,12.80472513759392,81605.62188247291
A3,2,100.0,100.0,0.3,3.4591023253642255,2.2025415952751928,5.9844910005510075,8.18832260173374,10.42689002455505,44734.90239761089
A0,3,100.0,100.0,0.3,7.721090845879384,5.009233438227089,12.913006674834918,18.335228890744954,29.435487896508562,58765.784829416
A1,3,100.0,100.0,0.3,2.782449998777372,1.70408957457857,4.797558897095523,7.183277378014831,8.63117413440169,42704.3776909821
A2,3,100.0,100.0,0.3,4.985011574377092,2.945684647410611,8.415431167001287,13.376021935300775,16.2642459362271,75961.01114503834
A3,3,100.0,100.0,0.3,2.8066382075154235,1.3092911314324738,4.5392390984170605,8.117517023649247,10.640767506768967,37983.62827746207
A0,4,100.0,100.0,0.3,4.908097259153877,2.6491505429716398,8.854647356609684,13.2262188273238,23.21130585199076,68994.75818372377
A1,4,100.0,100.0,0.3,3.237827804258554,1.6301326590088554,6.221478256498386,7.630022474338233,9.025681708272245,41797.295783321926
A2,4,100.0,100.0,0.3,4.485399814676931,3.03056128572968,7.5340455048625286,11.0840122676854,14.669367400282326,60214.77234680962
A3,4,100.0,100.0,0.3,2.918922045342084,1.6920070210939997,5.298563056150404,7.087725052136254,8.752141571489759,48008.4855810804
