delay_ms,cond,seed,rms,p50,p90,p99,max,jerk
0,teacher,-1,0.09210421688414698,0.06527826855017338,0.1496644966478963,0.1591206515677849,0.1810889030031717,293.04013702404484
0,naive,-1,3.43308938486442,2.8563754301616626,5.2855865402855455,6.293210546025629,6.830713026468729,50729.241976326266
0,P0,0,0.6444644591275837,0.5104089681330398,1.0591297123763563,1.2937464717057878,1.4349421054096894,46766.80807969797
0,P1,0,0.32452754537304823,0.2516718825577347,0.5170568033726161,0.705469974292375,0.9892731831355945,11403.334846773054
0,P2,0,0.2476047184533017,0.17061969401486957,0.4025180961658066,0.621680585223956,0.831947661868341,103680.10535756485
0,P3,0,0.2962304465096222,0.21471373749987302,0.49055937725201204,0.6948746291499172,0.9272733327105556,93864.18859062484
0,P0,1,0.7523683481057307,0.6012243989621547,1.1943687936396117,1.4060465149092447,1.89513373766259,48300.287297609866
0,P1,1,0.37776482948219425,0.2705762020964689,0.606969912583196,0.872982990461144,1.1381934296871776,11706.157019675278
0,P2,1,0.2500058818552671,0.1743984731663062,0.4169144728589629,0.6152264854513305,0.7583835357689992,75923.98633778411
0,P3,1,0.2647883956341461,0.1639412642952133,0.41178749710041984,0.8208803785240235,1.1133084016112065,78559.9185539679
0,P0,2,0.5376621862736367,0.41136479981781804,0.9073702404204292,1.0434595504103281,1.2341891580860533,49560.80395017294
0,P1,2,0.33209497488140566,0.25122074530501476,0.5025604205955668,0.779340854458359,1.0839382111396958,11707.986424644727
0,P2,2,0.264312995164805,0.180913300530842,0.4348022337010349,0.6677664736415494,0.9571600979245574,95920.89764216344
0,P3,2,0.26528289373992325,0.18667108872941185,0.4223926658268245,0.7608992360904475,1.0107818822878443,89075.09733073482
0,P0,3,0.6066634098041789,0.4520303510382793,1.038725599716874,1.2985709119567304,1.5392174563723415,46790.52071853378
0,P1,3,0.3877946783234391,0.2518936374997101,0.66765584621506,0.8277637446435762,1.150373495337064,11655.242591315633
0,P2,3,0.2358649377535118,0.14903770168057898,0.4036767251038403,0.6001200981679204,0.9488757842771491,79594.41758012613
0,P3,3,0.24720714559994847,0.1506279277174798,0.40516080876754756,0.737176706133989,1.2125460149311067,78632.0490907692
0,P0,4,0.6703929533805414,0.4522661661349095,1.1236220201453904,1.4586238317709643,1.837894704012328,48712.74133944933
0,P1,4,0.39738981571067383,0.28846575244302625,0.6460164977454307,0.8960304270984286,1.1292827632041025,12152.054322247908
0,P2,4,0.23171739725748006,0.15637954809954144,0.37621587643499294,0.5994453698740708,1.0543445946729406,63481.269923086635
0,P3,4,0.2634126200565528,0.16218108979629164,0.41281982256419286,0.8352808748220326,0.9851054302241522,81125.37762525
50,teacher,-1,0.09210421688414698,0.06527826855017338,0.1496644966478963,0.1591206515677849,0.1810889030031717,293.04013702404484
50,naive,-1,4.8943114125231695,4.092312913090723,7.530667905708498,8.872313928928529,9.499421572045605,50710.252211041196
50,P0,0,1.0715598984564028,0.7791851794050331,1.6887557675623555,2.287100829085446,3.4836925458373713,56347.859967758566
50,P1,0,0.8253791289163414,0.5321510206455334,1.2510280530293965,2.160011843018149,2.5142980832610817,18205.161215421835
50,P2,0,0.7948706020907762,0.43925100775589954,1.3402506782681105,2.2949047444847017,3.7334779973187437,108193.50568252237
50,P3,0,0.5713337285936108,0.39702781701715156,0.8949128430405912,1.4402770245689898,2.1102556506868524,94170.70564636157
50,P0,1,0.9447611029736623,0.7641097825887044,1.5105400529966033,1.768870748322674,2.377259912025494,51623.41403726981
50,P1,1,0.7412397250680455,0.5758339767264289,1.1215140623647148,1.750316177843132,2.6762703072485152,18043.57497229197
50,P2,1,0.9566250081554287,0.40043894138149955,1.830533785902143,2.9785346277211553,4.72816259312637,89220.82479487214
50,P3,1,0.8016461603206704,0.39950073389335233,1.4991005349593347,2.3891255076363556,3.936975759279022,108356.24772404903
50,P0,2,0.9131735420147606,0.5918851893759864,1.608291465127266,2.04390022174591,2.6683492842057888,58067.130265208056
50,P1,2,0.83073035790061,0.6255651146723409,1.3546957194699776,1.7751812864708871,2.6723433014012983,17323.18282592698
50,P2,2,0.5424686828285775,0.3848525791742598,0.8889605052859414,1.327198190403583,1.8030489309128512,122908.81348410045
50,P3,2,0.49988763046534607,0.34360518650503025,0.8417471860169599,1.2470707202114966,1.4521650254971235,111164.71032691182
50,P0,3,1.0148695554442566,0.6619844194305055,1.764304998860548,2.3429511145469966,3.112396594777252,51871.332720612125
50,P1,3,0.7693005872948331,0.5720308138100686,1.3068645524005167,1.7183731778743123,2.345698313545057,18134.271087912373
50,P2,3,0.4774142913365716,0.3507428898255493,0.7741075955193821,1.1415981554803192,1.4387578533050913,86813.457967924
50,P3,3,0.7267753803095731,0.3766838341234357,1.2663381844656623,2.3445734116387675,4.076435203705358,80521.02726590085
50,P0,4,0.9338680880492286,0.6952977375912278,1.5171654142452837,2.072107746687905,2.6530326180707533,52011.842691542755
50,P1,4,0.721809207560136,0.5306648218873656,1.1211117177004581,1.6342829671075332,2.294246732994907,15767.88746674241
50,P2,4,0.8908348500641167,0.3846738527018185,1.7214061748701113,2.723443484609888,4.30050491732149,86180.2658136079
50,P3,4,0.7533819875674922,0.3982527168251977,1.40743521719295,2.178935645193969,3.6782577025594776,65752.90353376653
100,teacher,-1,0.09210421688414698,0.06527826855017338,0.1496644966478963,0.1591206515677849,0.1810889030031717,293.04013702404484
100,naive,-1,6.324801545843577,5.203044413785491,9.699705355022653,11.394354334814807,12.269183594059442,50224.31693134532
100,P0,0,1.2732218905425103,0.861404062624293,2.1292446495771884,2.8408348582648273,3.973182648259467,57677.26678825709
100,P1,0,1.3815365938236537,0.9556630121872919,2.1740289205035452,3.410830544179717,4.844711893668332,26556.78698386162
100,P2,0,1.7254944499808957,1.3723479969143806,2.7574108496425205,3.931926444419233,5.486656337150123,125151.30291757763
100,P3,0,1.4618462595004063,1.077370465450059,2.4207429256606665,3.0907787762456045,3.2479338179216484,111024.29833758528
100,P0,1,1.4880087729844609,0.8426658426721806,2.6790459974534904,4.119208375184523,5.926799617978816,68618.24061005299
100,P1,1,1.4362185905635396,1.1267179568954617,2.3439273360766464,3.1396109322734467,4.880527065508161,27548.39365625691
100,P2,1,1.9612947432883605,1.509706989618034,3.3398321272123845,4.348639885454233,5.87834649729097,77235.38345285686
100,P3,1,1.8581818291786185,1.3624121424646394,3.1839936918582814,4.22101255071333,5.169417025535282,135565.24698810684
100,P0,2,1.6269554653958156,1.3739700055434696,2.573341284426315,3.3691723582344224,4.83337924696211,55563.305025189715
100,P1,2,1.3746939775025389,1.0158688072147442,2.220514703750657,2.812255139259989,3.359764780177258,27201.104300208
100,P2,2,1.6118559757863622,1.2720214243612322,2.6489286793916826,3.451615580855105,4.341914501723835,112910.67476399093
100,P3,2,2.5857774215491327,1.934284903893347,4.409507315272795,5.611099364843071,7.578834128154767,107183.1551322376
100,P0,3,1.5949405871916735,1.0746645570911966,2.2169496852854373,4.719902429315117,5.457465680038084,52868.003415089974
100,P1,3,1.5456519782729334,1.2261534078104528,2.5322183632523974,3.190671254222792,4.013450134070496,23588.53741756589
100,P2,3,1.7996591910316042,1.4518988420188255,2.9181976412534993,3.918629753561362,4.856633523851045,99660.257292028
100,P3,3,2.017667123214142,1.6720576303617445,3.330795111776524,4.018565485014075,5.304466998872982,86082.01132602336
100,P0,4,1.7518083841385608,1.433619081121402,2.79669995656135,3.4627006946807106,4.989458894098007,56795.90530610471
100,P1,4,1.591540341407546,1.2230324551897145,2.289005938009699,3.833391231641059,5.087051225463711,26281.650510727184
100,P2,4,1.4684805114293276,1.1463945264347568,2.2669240246837745,3.422146531264668,4.418027162390544,82241.83499577525
100,P3,4,1.6417323132259733,1.3213671827959814,2.4098410498130676,3.7555585695388345,4.236472326793958,88860.32075230835
200,teacher,-1,0.09210421688414698,0.06527826855017338,0.1496644966478963,0.1591206515677849,0.1810889030031717,293.04013702404484
200,naive,-1,9.04542683850047,7.398060887010388,13.878914301034692,16.221642881326687,17.16741197531921,49315.65527895638
200,P0,0,2.9991218434188522,2.0293087886432013,5.090017484941043,6.7957993893511786,8.099812575706665,66205.12618415726
200,P1,0,3.184023489409187,2.936586084799714,4.672689212247529,5.887156350397419,7.945878139035571,40947.7701447974
200,P2,0,2.6743624488956743,1.59533261281094,4.863129955526588,6.624256529955322,8.062253891986543,93826.12374642282
200,P3,0,2.4476954906409962,1.5878135893850593,4.125998778823823,5.841293176673119,6.732611027766879,130385.52497925318
200,P0,1,3.3367144445770425,2.1978142079729963,5.532261240192597,8.219271643030543,9.501537515011378,63143.5702332595
200,P1,1,2.9054682403268184,2.5097529948640775,4.211228072740927,5.844753276561747,7.677887233143764,44772.75931460361
200,P2,1,3.4765962897035667,2.8221086171684298,5.4786251264304155,6.097113129069508,6.872629336806611,76213.65602162536
200,P3,1,3.5770041853363943,3.152816384065659,5.398170479011412,6.395705703289496,9.686972787582349,111593.98599901142
200,P0,2,3.2864261901361225,1.8703677450168736,5.651051373800129,8.879749671091995,11.513832698920396,60157.2999929553
200,P1,2,3.23241662106423,2.84535261683673,4.984382642277249,5.806528083235032,6.913387614692297,40274.85338313353
200,P2,2,3.201922542077206,2.442075537522276,5.388004636980644,6.526417137722599,7.09562275004518,63477.44459337164
200,P3,2,3.9603411690111585,3.460040997035994,5.991933961485036,7.113305215488114,8.040281133034526,101580.8769541445
200,P0,3,3.1507120849190273,2.3364473893843374,4.982959856449132,7.834329038967955,10.363927165913069,67698.37411152107
200,P1,3,3.058576729014932,2.588497895612728,4.644261668719731,5.531717606752967,7.253187193296071,54515.62373202035
200,P2,3,2.537070432480956,1.910596738579424,4.442497093679411,5.47402483388944,6.352211495861226,73921.635249475
200,P3,3,2.3310906762754904,1.7340425518550404,3.912207150530468,5.38659530013607,6.487868737630379,124086.74400477152
200,P0,4,3.4662612452751382,2.3343200977501652,6.0791774089623845,8.00111348627363,9.093060039969856,64079.61515146786
200,P1,4,2.799160170709573,2.4487037180384306,4.233983837493388,5.670768194277784,7.462820612560861,38987.08539860871
200,P2,4,3.1143868166635635,2.0349739101356,5.445260347164989,6.5695797303101005,7.8361222036050435,69875.96575735073
200,P3,4,3.2332312622798547,2.700451939966906,5.087017270770237,5.772207864076459,6.107013612669107,77271.22556245833
400,teacher,-1,0.09210421688414698,0.06527826855017338,0.1496644966478963,0.1591206515677849,0.1810889030031717,293.04013702404484
400,naive,-1,13.726724410920346,11.13881626317576,21.213981743107254,24.63977387883695,25.676110355640162,47419.76824709249
400,P0,0,6.326123499370401,4.927025409014618,10.370998840712337,13.380399516140429,15.404843472134026,138182.75896912892
400,P1,0,8.043805417161364,5.81358338428323,12.892628990083887,17.574660895292457,18.840106351148975,98285.88380154897
400,P2,0,6.2458841862513275,6.049608576962626,8.664020320105996,9.581889490068425,10.883715856455794,72426.88491805295
400,P3,0,6.250690972381694,5.837190453344907,9.112463643831134,10.314046225617778,11.948564734202051,64907.21265045871
400,P0,1,7.549292544836445,5.33074485014464,12.205737951055164,16.123645712659208,21.702971386862004,165512.06250660817
400,P1,1,9.061395941694064,6.925369352130654,14.292966980577395,17.173333164811353,19.43998697852446,104673.66715727166
400,P2,1,6.987951420862497,5.23308213415928,11.724371948282348,13.139196069220162,15.124592557666247,76851.89316634322
400,P3,1,6.455682175963298,5.547404056689359,9.947409358469244,11.787422486085807,14.469840319857411,105519.78789474272
400,P0,2,7.332710060454819,5.690680290769616,12.238669550095045,13.875265506844608,17.197601119033777,92285.76521626693
400,P1,2,9.383909535273924,7.461813006313302,15.307409330755817,19.257324828994445,23.08877265125497,86316.20029808552
400,P2,2,6.6439387389988775,5.992605129297279,9.962979252404816,11.114382020157345,12.857891491099736,64231.85797308202
400,P3,2,8.174330070208077,5.363248568288877,14.679973015440899,16.736428424609638,20.030355056717667,90450.64128265192
400,P0,3,6.768153862888955,5.213240115278235,10.766480086516717,15.029666356210774,19.586508309395413,128524.01122184412
400,P1,3,8.23783743969033,7.3197083218441605,12.376955136409132,15.177324468175192,18.27483446475695,81245.13252352894
400,P2,3,6.416701350028457,6.284906867252668,9.159842140122839,10.35828019925387,11.648478163042626,98555.72997130151
400,P3,3,7.663974159815069,7.169293123590147,11.552631958301552,13.104461732279034,15.791840669140313,46825.523283418326
400,P0,4,9.100701861099504,5.994242350461993,16.212115756294406,20.479641689393038,21.78321368617098,102775.20612987036
400,P1,4,8.929062263207152,6.597837518896038,15.165426191568551,17.59257225496982,18.608018846389,106506.79638324182
400,P2,4,6.634261478926654,6.552084979177759,9.167547015216448,10.580923362934598,12.347191673703492,69452.70747856826
400,P3,4,6.425364759939703,5.351315459507504,10.150257147994699,12.315937784485783,14.974884897693642,157931.48347357285
800,teacher,-1,0.09210421688414698,0.06527826855017338,0.1496644966478963,0.1591206515677849,0.1810889030031717,293.04013702404484
800,naive,-1,19.099785905873542,15.65373043973734,30.235417167366904,34.236412838595015,34.71290119326579,47597.20584799951
800,P0,0,16.70718423381405,13.525218701243,28.65697842762062,31.964029106217964,34.32610196960621,90626.73654977216
800,P1,0,15.85980341050175,11.831589084534471,26.29578710094917,29.434501603881984,32.39759746130407,135238.72578511396
800,P2,0,11.787393033025921,10.684857793467534,17.212302482704555,20.300222978536045,26.664275533273994,23178.60463908917
800,P3,0,13.72356536741586,10.547998688399849,21.799063456681328,22.953818137195373,28.727951871903016,69701.86427823453
800,P0,1,14.158909724905806,11.171675940326248,22.642513237737916,27.963801962389624,32.85933627876605,145544.11509286918
800,P1,1,17.315342965122195,13.762115958594402,26.832461775016167,31.509238283055925,31.769447151015115,102041.10712267447
800,P2,1,12.44498199706633,10.42498147048947,19.255352884188895,21.090376078474673,28.29719033450864,15483.916443548316
800,P3,1,13.434058266991057,10.3504559473934,22.156796996268024,24.13403413700321,31.14451777296236,15762.158264025451
800,P0,2,15.838272632902976,13.776968096302204,23.789547779445616,29.234159229085737,37.324798440354854,81685.15185714366
800,P1,2,15.490708689349544,11.454166194487584,23.964900025346996,30.98826636657394,34.74627021741222,132593.64480218154
800,P2,2,12.60992378873882,10.282943254573718,19.735880150025935,22.27575059521492,30.24788995399527,14632.918840553975
800,P3,2,13.532637553624204,10.741826791600104,21.304609273740507,23.886549525588876,30.81403438293806,39186.98527729761
800,P0,3,15.93849322345296,12.615176451413134,25.515703091922514,30.85923329623812,36.70083779902431,103627.86825618667
800,P1,3,17.05419987650051,12.942984694368311,27.396083000250353,32.22047742948457,38.01621411675944,91159.17859279904
800,P2,3,12.381168407544976,10.206541994991255,19.236254059110124,21.583914211780158,29.49116670135203,18807.786287361683
800,P3,3,13.20963754017504,10.557389583647586,21.466197827482144,23.841157378184835,30.336064877992968,27823.10600104711
800,P0,4,16.265748575867633,12.195605544912278,28.155498498116756,31.75354968825026,35.775570892241205,98102.93300742353
800,P1,4,15.301787236095883,12.500986490734064,24.598412980249538,28.459228701727927,33.45289592197557,141520.46879489344
800,P2,4,12.275170975436334,10.547999952524734,18.664985391326457,21.311593633388295,28.23197578598588,18403.61843360077
800,P3,4,14.128435782021489,10.334700900124739,23.752186691466534,25.43282444918906,31.082520542833564,48913.95669662809
